[{"pk": 2, "model": "creativework.thing", "fields": {"hackUrl": "http", "description": "Crime Fiction", "modified": "2014-04-06T14:19:29.551Z", "name": "Crime Fiction", "created": "2014-03-17T22:20:28.028Z"}}, {"pk": 3, "model": "creativework.thing", "fields": {"hackUrl": "http", "description": "The New Adventures of Sherlock Holmes", "modified": "2014-03-19T19:08:54.311Z", "name": "The New Adventures of Sherlock Holmes", "created": "2014-03-17T22:23:50.323Z"}}, {"pk": 4, "model": "creativework.thing", "fields": {"hackUrl": "http", "description": "The New Adventures of Sherlock Holmes Season 1", "modified": "2014-03-18T17:30:14.511Z", "name": "The New Adventures of Sherlock Holmes Season 1", "created": "2014-03-17T22:25:08.263Z"}}, {"pk": 5, "model": "creativework.thing", "fields": {"hackUrl": "http://tinyurl.com/nqtbf8c", "description": "Test Episode", "modified": "2014-03-18T16:53:48.119Z", "name": "Test Episode", "created": "2014-03-17T22:59:19.244Z"}}, {"pk": 6, "model": "creativework.thing", "fields": {"hackUrl": "kkk", "description": "The Hound of the Baskervilles Part 1", "modified": "2014-03-18T17:43:01.939Z", "name": "The Hound of the Baskervilles Part 1", "created": "2014-03-18T11:00:58.028Z"}}, {"pk": 8, "model": "creativework.thing", "fields": {"hackUrl": "urlhere", "description": "Beyond Our Ken", "modified": "2014-03-19T10:04:49.512Z", "name": "Beyond Our Ken", "created": "2014-03-18T17:11:58.831Z"}}, {"pk": 9, "model": "creativework.thing", "fields": {"hackUrl": "NA", "description": "Drama", "modified": "2014-03-19T10:02:10.651Z", "name": "Drama", "created": "2014-03-19T10:02:10.651Z"}}, {"pk": 10, "model": "creativework.thing", "fields": {"hackUrl": "NA", "description": "Comedy", "modified": "2014-03-19T10:02:35.484Z", "name": "Comedy", "created": "2014-03-19T10:02:35.484Z"}}, {"pk": 11, "model": "creativework.thing", "fields": {"hackUrl": "NA", "description": "Sketch", "modified": "2014-03-19T10:04:46.045Z", "name": "Sketch", "created": "2014-03-19T10:04:46.045Z"}}, {"pk": 12, "model": "creativework.thing", "fields": {"hackUrl": "NA", "description": "Entertainment", "modified": "2014-03-19T10:06:44.392Z", "name": "Entertainment", "created": "2014-03-19T10:06:44.392Z"}}, {"pk": 13, "model": "creativework.thing", "fields": {"hackUrl": "NA", "description": "Factual", "modified": "2014-03-19T10:07:10.591Z", "name": "Factual", "created": "2014-03-19T10:07:10.591Z"}}, {"pk": 14, "model": "creativework.thing", "fields": {"hackUrl": "NA", "description": "Children's", "modified": "2014-03-19T10:07:44.378Z", "name": "Children's", "created": "2014-03-19T10:07:44.378Z"}}, {"pk": 15, "model": "creativework.thing", "fields": {"hackUrl": "NA", "description": "The Further Adventures of Sherlock Holmes", "modified": "2014-04-06T18:14:10.971Z", "name": "The Further Adventures of Sherlock Holmes", "created": "2014-03-19T10:56:38.692Z"}}, {"pk": 16, "model": "creativework.thing", "fields": {"hackUrl": "NA", "description": "The Further Adventures of Sherlock Holmes Season 1", "modified": "2014-03-19T10:58:23.429Z", "name": "The Further Adventures of Sherlock Holmes Season 1", "created": "2014-03-19T10:58:06.718Z"}}, {"pk": 17, "model": "creativework.thing", "fields": {"hackUrl": "NA", "description": "The Madness Of Colonel Warbuton", "modified": "2014-03-20T15:56:21.120Z", "name": "The Madness Of Colonel Warbuton", "created": "2014-03-19T10:59:07.487Z"}}, {"pk": 18, "model": "creativework.thing", "fields": {"hackUrl": "http://www.google.com", "description": "Action", "modified": "2014-04-06T14:20:08.718Z", "name": "Action", "created": "2014-04-06T14:20:08.718Z"}}, {"pk": 19, "model": "creativework.thing", "fields": {"hackUrl": "http://www.google.com", "description": "Classic", "modified": "2014-04-06T14:20:40.216Z", "name": "Classic", "created": "2014-04-06T14:20:40.216Z"}}, {"pk": 20, "model": "creativework.thing", "fields": {"hackUrl": "http://www.google.com", "description": "Psychological", "modified": "2014-04-06T14:21:35.156Z", "name": "Psychological", "created": "2014-04-06T14:21:35.156Z"}}, {"pk": 21, "model": "creativework.thing", "fields": {"hackUrl": "http://www.google.com", "description": "Sitcom", "modified": "2014-04-06T14:22:29.211Z", "name": "Sitcom", "created": "2014-04-06T14:22:29.211Z"}}, {"pk": 22, "model": "creativework.thing", "fields": {"hackUrl": "http://www.google.com", "description": "The Memoirs of Sherlock Holmes", "modified": "2014-04-06T14:29:25.465Z", "name": "The Memoirs of Sherlock Holmes", "created": "2014-04-06T14:29:25.465Z"}}, {"pk": 23, "model": "creativework.thing", "fields": {"hackUrl": "http://www.google.com", "description": "The Hound of the Baskervilles", "modified": "2014-04-06T14:29:58.815Z", "name": "The Hound of the Baskervilles", "created": "2014-04-06T14:29:58.815Z"}}, {"pk": 24, "model": "creativework.thing", "fields": {"hackUrl": "http://www.google.com", "description": "His Last Bow", "modified": "2014-04-06T14:30:30.835Z", "name": "His Last Bow", "created": "2014-04-06T14:30:30.835Z"}}, {"pk": 9, "model": "creativework.parentgenre", "fields": {"meta_description": "parent genre for all drama", "meta_keywords": "parent genre for all drama", "is_active": true, "slug": "parentgenre-drama"}}, {"pk": 10, "model": "creativework.parentgenre", "fields": {"meta_description": "parent genre for all comedy", "meta_keywords": "parent genre for all comedy", "is_active": true, "slug": "parentgenre-comedy"}}, {"pk": 12, "model": "creativework.parentgenre", "fields": {"meta_description": "General entertainment", "meta_keywords": "General entertainment", "is_active": true, "slug": "parentgenre-entertainment"}}, {"pk": 13, "model": "creativework.parentgenre", "fields": {"meta_description": "The parent of the factual genre", "meta_keywords": "The parent of the factual genre", "is_active": true, "slug": "parentgenre-factual"}}, {"pk": 14, "model": "creativework.parentgenre", "fields": {"meta_description": "Parent genre for all children-friendly content", "meta_keywords": "Parent genre for all children-friendly content", "is_active": true, "slug": "parentgenre-childrens"}}, {"pk": 2, "model": "creativework.genre", "fields": {"meta_description": "meta", "meta_keywords": "meta", "is_active": true, "slug": "crime-fiction", "partOfParentGenres": [9]}}, {"pk": 11, "model": "creativework.genre", "fields": {"meta_description": "Sketch subgenre, probably for comedy", "meta_keywords": "Sketch subgenre, probably for comedy", "is_active": true, "slug": "genre-sketch", "partOfParentGenres": []}}, {"pk": 18, "model": "creativework.genre", "fields": {"meta_description": "action and adventure radio drama", "meta_keywords": "action and adventure radio drama", "is_active": true, "slug": "action-genre", "partOfParentGenres": [9]}}, {"pk": 19, "model": "creativework.genre", "fields": {"meta_description": "Classic and period radio drama", "meta_keywords": "Classic and period radio drama", "is_active": true, "slug": "classic-genre", "partOfParentGenres": [9]}}, {"pk": 20, "model": "creativework.genre", "fields": {"meta_description": "Psychological drama", "meta_keywords": "Psychological drama", "is_active": true, "slug": "psychological-genre", "partOfParentGenres": [9]}}, {"pk": 21, "model": "creativework.genre", "fields": {"meta_description": "Sitcom comedy", "meta_keywords": "Sitcom comedy", "is_active": true, "slug": "sitcom-genre", "partOfParentGenres": [10]}}, {"pk": 3, "model": "creativework.series", "fields": {"meta_description": "Collection of the classic radio drama", "startDate": "1939-10-02", "meta_keywords": "Sherlock Holmes, radio drama, basil rathbone, nigel bruce", "endDate": "1947-07-07", "numberOfSeasons": 1, "partOfGenres": [2], "is_active": true, "partOfParentGenres": [9], "likes": 16, "slug": "new-adventures-sherlock-holmes"}}, {"pk": 8, "model": "creativework.series", "fields": {"meta_description": "Beyond Our Ken radio comedy", "startDate": "2014-03-18", "meta_keywords": "Beyond Our Ken radio comedy", "endDate": "2014-03-18", "numberOfSeasons": 3, "partOfGenres": [11], "is_active": true, "partOfParentGenres": [10], "likes": 0, "slug": "beyond-our-ken"}}, {"pk": 15, "model": "creativework.series", "fields": {"meta_description": "A series of radio dramas based on Arthur Conan Doyle's detective Sherlock Holmes. Written by Bert Coules as a pastiche of Conan Doyle's work, the series was broadcast on BBC Radio 4 in 2002, 2004, 2008-9 and 2010.  ", "startDate": "2014-03-19", "meta_keywords": "The Further Adventures of Sherlock Holmes", "endDate": "2014-03-19", "numberOfSeasons": 1, "partOfGenres": [2], "is_active": true, "partOfParentGenres": [9], "likes": 7, "slug": "series-further-adventures-sherlock-holmes"}}, {"pk": 22, "model": "creativework.series", "fields": {"meta_description": "The Memoirs of Sherlock Holmes", "startDate": "2014-04-06", "meta_keywords": "The Memoirs of Sherlock Holmes", "endDate": "2014-04-06", "numberOfSeasons": 1, "partOfGenres": [2], "is_active": true, "partOfParentGenres": [9], "likes": 0, "slug": "memoirs-sherlock-holmes"}}, {"pk": 23, "model": "creativework.series", "fields": {"meta_description": "The Hound of the Baskervilles", "startDate": "2014-04-06", "meta_keywords": "The Hound of the Baskervilles", "endDate": "2014-04-06", "numberOfSeasons": 1, "partOfGenres": [2], "is_active": true, "partOfParentGenres": [9], "likes": 0, "slug": "hound-baskervilles"}}, {"pk": 24, "model": "creativework.series", "fields": {"meta_description": "His Last Bow", "startDate": "2014-04-06", "meta_keywords": "His Last Bow", "endDate": "2014-04-06", "numberOfSeasons": 1, "partOfGenres": [2], "is_active": true, "partOfParentGenres": [9], "likes": 0, "slug": "his-last-bow"}}, {"pk": 4, "model": "creativework.season", "fields": {"meta_description": "The New Adventures of Sherlock Holmes", "startDate": "2014-03-17", "meta_keywords": "The New Adventures of Sherlock Holmes", "endDate": "2014-03-17", "is_active": true, "numberOfEpisodes": 6, "seasonNumber": 1, "partOfSeries": [3], "slug": "new-adventures-sherlock-holmes-season-1"}}, {"pk": 16, "model": "creativework.season", "fields": {"meta_description": "The Further Adventures of Sherlock Holmes", "startDate": "2014-03-19", "meta_keywords": "The Further Adventures of Sherlock Holmes", "endDate": "2014-03-19", "is_active": true, "numberOfEpisodes": 2, "seasonNumber": 1, "partOfSeries": [15], "slug": "the-further-adventures-of-sherlock-homes-season-1"}}, {"pk": 5, "model": "creativework.episodebase", "fields": {"meta_description": "test", "meta_keywords": "test", "audioFileLocation": "", "series": [3], "image": "imageurl", "is_active": true, "likes": 0, "season": [4], "slug": "test-episode"}}, {"pk": 6, "model": "creativework.episodebase", "fields": {"meta_description": "The Hound of the Baskervilles Part 1", "meta_keywords": "The Hound of the Baskervilles Part 1", "audioFileLocation": "", "series": [3], "image": "kkk", "is_active": true, "likes": 0, "season": [4], "slug": "the-episode-2"}}, {"pk": 17, "model": "creativework.episodebase", "fields": {"meta_description": "The Madness Of Colonel Warbuton", "meta_keywords": "The Madness Of Colonel Warbuton", "audioFileLocation": "http://otrrlibrary.org/OTRRLib/Library%20Files/S%20Series/Sherlock%20Holmes%20-%2089-04%20-%20Merrison%20&%20Williams/Sherlock%20Holmes%20-%2089-04%20-%20Merrison%20&%20Williams%2002-01-30%20(65)%20Madness%20of%20Colonel%20Warburton.mp3", "series": [15], "image": "NA", "is_active": true, "likes": 0, "season": [16], "slug": "further-adventures-madness-colonel-warbuton"}}]