[{"pk": 1, "model": "contenttypes.contenttype", "fields": {"model": "permission", "name": "permission", "app_label": "auth"}}, {"pk": 2, "model": "contenttypes.contenttype", "fields": {"model": "group", "name": "group", "app_label": "auth"}}, {"pk": 3, "model": "contenttypes.contenttype", "fields": {"model": "user", "name": "user", "app_label": "auth"}}, {"pk": 4, "model": "contenttypes.contenttype", "fields": {"model": "contenttype", "name": "content type", "app_label": "contenttypes"}}, {"pk": 5, "model": "contenttypes.contenttype", "fields": {"model": "session", "name": "session", "app_label": "sessions"}}, {"pk": 6, "model": "contenttypes.contenttype", "fields": {"model": "site", "name": "site", "app_label": "sites"}}, {"pk": 7, "model": "contenttypes.contenttype", "fields": {"model": "logentry", "name": "log entry", "app_label": "admin"}}, {"pk": 8, "model": "contenttypes.contenttype", "fields": {"model": "migrationhistory", "name": "migration history", "app_label": "south"}}, {"pk": 9, "model": "contenttypes.contenttype", "fields": {"model": "logaggregate", "name": "log aggregate", "app_label": "djangologdb"}}, {"pk": 10, "model": "contenttypes.contenttype", "fields": {"model": "logentry", "name": "log entry", "app_label": "djangologdb"}}, {"pk": 11, "model": "contenttypes.contenttype", "fields": {"model": "category", "name": "category", "app_label": "directory"}}, {"pk": 12, "model": "contenttypes.contenttype", "fields": {"model": "postaladdress", "name": "postal address", "app_label": "directory"}}, {"pk": 13, "model": "contenttypes.contenttype", "fields": {"model": "openinghours", "name": "opening hours", "app_label": "directory"}}, {"pk": 14, "model": "contenttypes.contenttype", "fields": {"model": "specialdays", "name": "special days", "app_label": "directory"}}, {"pk": 15, "model": "contenttypes.contenttype", "fields": {"model": "url", "name": "url", "app_label": "directory"}}, {"pk": 16, "model": "contenttypes.contenttype", "fields": {"model": "thing", "name": "thing", "app_label": "directory"}}, {"pk": 17, "model": "contenttypes.contenttype", "fields": {"model": "localbusiness", "name": "local business", "app_label": "directory"}}, {"pk": 18, "model": "contenttypes.contenttype", "fields": {"model": "advertbase", "name": "advert base", "app_label": "directory"}}, {"pk": 20, "model": "contenttypes.contenttype", "fields": {"model": "thing", "name": "thing", "app_label": "creativework"}}, {"pk": 21, "model": "contenttypes.contenttype", "fields": {"model": "series", "name": "series", "app_label": "creativework"}}, {"pk": 22, "model": "contenttypes.contenttype", "fields": {"model": "season", "name": "season", "app_label": "creativework"}}, {"pk": 23, "model": "contenttypes.contenttype", "fields": {"model": "episodebase", "name": "episode base", "app_label": "creativework"}}, {"pk": 24, "model": "contenttypes.contenttype", "fields": {"model": "genre", "name": "genre", "app_label": "creativework"}}, {"pk": 25, "model": "contenttypes.contenttype", "fields": {"model": "resourceurl", "name": "resource url", "app_label": "creativework"}}, {"pk": 26, "model": "contenttypes.contenttype", "fields": {"model": "review", "name": "review", "app_label": "creativework"}}, {"pk": 27, "model": "contenttypes.contenttype", "fields": {"model": "parentgenre", "name": "parent genre", "app_label": "creativework"}}, {"pk": 28, "model": "contenttypes.contenttype", "fields": {"model": "userprofile", "name": "user profile", "app_label": "userprofile"}}, {"pk": 29, "model": "contenttypes.contenttype", "fields": {"model": "socialapp", "name": "social app", "app_label": "socialaccount"}}, {"pk": 30, "model": "contenttypes.contenttype", "fields": {"model": "socialaccount", "name": "social account", "app_label": "socialaccount"}}, {"pk": 31, "model": "contenttypes.contenttype", "fields": {"model": "socialtoken", "name": "social token", "app_label": "socialaccount"}}, {"pk": 32, "model": "contenttypes.contenttype", "fields": {"model": "flatpage", "name": "flat page", "app_label": "flatpages"}}, {"pk": 33, "model": "contenttypes.contenttype", "fields": {"model": "emailaddress", "name": "email address", "app_label": "account"}}, {"pk": 34, "model": "contenttypes.contenttype", "fields": {"model": "emailconfirmation", "name": "email confirmation", "app_label": "account"}}, {"pk": "4opptbdgwx6v4yg1k92cvvjoafz82xz8", "model": "sessions.session", "fields": {"expire_date": "2014-04-30T21:09:23.397Z", "session_data": "NmI2OTM2ZWJlNDRjYWFjMGM5NjEwYWNmOTJjMzAyMGFhYjQ2ODM5MDp7fQ=="}}, {"pk": "6u580gpw3sx9odq7yrhdmal5uzmj42rl", "model": "sessions.session", "fields": {"expire_date": "2014-04-03T16:26:15.416Z", "session_data": "MTQwYjQzYjc0NGEzZDFmYjIzZGMzYjVmNjNiNzdjODZmNmYyNDMwMTqAAn1xAS4="}}, {"pk": "8wljexq6uazzbat6j9tnudfdy9szqeii", "model": "sessions.session", "fields": {"expire_date": "2013-04-03T21:03:47.812Z", "session_data": "OTUyMTE0ZDM3MzllMTdlN2ZjYjEzY2JlN2Y0NTYwOTViMWE0YzI0NjqAAn1xAShVEl9hdXRoX3VzZXJfYmFja2VuZHECVSlkamFuZ28uY29udHJpYi5hdXRoLmJhY2tlbmRzLk1vZGVsQmFja2VuZHEDVQ1fYXV0aF91c2VyX2lkcQRLAXUu"}}, {"pk": "bgz1bnbxew1otkcbkeqoh07fqku8tg1b", "model": "sessions.session", "fields": {"expire_date": "2013-05-04T19:29:13.281Z", "session_data": "YzFlOGNiYjg1OTQ4YmYzMGFjY2JhNjUxMDhkOWJjZTg5OTJiOTBhOTqAAn1xAShVEl9hdXRoX3VzZXJfYmFja2VuZHECVSlkamFuZ28uY29udHJpYi5hdXRoLmJhY2tlbmRzLk1vZGVsQmFja2VuZHEDVQ1fYXV0aF91c2VyX2lkcQRLAXUu"}}, {"pk": "gd8h9e370cxqchv5wfucg0k46vc6ja56", "model": "sessions.session", "fields": {"expire_date": "2014-04-03T16:28:32.400Z", "session_data": "MTQwYjQzYjc0NGEzZDFmYjIzZGMzYjVmNjNiNzdjODZmNmYyNDMwMTqAAn1xAS4="}}, {"pk": "jsxearyt8jep6ejijdzv0y7qrjilwcru", "model": "sessions.session", "fields": {"expire_date": "2014-04-30T20:57:30.829Z", "session_data": "NmI2OTM2ZWJlNDRjYWFjMGM5NjEwYWNmOTJjMzAyMGFhYjQ2ODM5MDp7fQ=="}}, {"pk": "nmvg15osknttibj9703soo3oq4ir2myg", "model": "sessions.session", "fields": {"expire_date": "2013-03-31T21:50:14.917Z", "session_data": "YzFlOGNiYjg1OTQ4YmYzMGFjY2JhNjUxMDhkOWJjZTg5OTJiOTBhOTqAAn1xAShVEl9hdXRoX3VzZXJfYmFja2VuZHECVSlkamFuZ28uY29udHJpYi5hdXRoLmJhY2tlbmRzLk1vZGVsQmFja2VuZHEDVQ1fYXV0aF91c2VyX2lkcQRLAXUu"}}, {"pk": "r8bzaxr5quaqz8mn0sx51g2q19g18qrn", "model": "sessions.session", "fields": {"expire_date": "2014-04-04T16:52:42.766Z", "session_data": "YWVkOWQ4YTBkNjJmNzQ2MjA1N2M0NDZhZjkwM2E1MTU4ZWNiMWVkMDqAAn1xAShVEl9hdXRoX3VzZXJfYmFja2VuZHECVSlkamFuZ28uY29udHJpYi5hdXRoLmJhY2tlbmRzLk1vZGVsQmFja2VuZHEDVQ1fYXV0aF91c2VyX2lkcQRLAnUu"}}, {"pk": "vil5hu8jdx61garkpw5lkporktyr5qwz", "model": "sessions.session", "fields": {"expire_date": "2014-04-30T21:09:23.457Z", "session_data": "NmI2OTM2ZWJlNDRjYWFjMGM5NjEwYWNmOTJjMzAyMGFhYjQ2ODM5MDp7fQ=="}}, {"pk": 2, "model": "sites.site", "fields": {"domain": "1", "name": "1"}}, {"pk": 3, "model": "sites.site", "fields": {"domain": "127.0.0.1:8000", "name": "RadioTrove"}}, {"pk": 4, "model": "sites.site", "fields": {"domain": "example.com", "name": "example.com"}}, {"pk": 1, "model": "south.migrationhistory", "fields": {"applied": "2013-04-11T19:23:26.257Z", "app_name": "directory", "migration": "0001_initial"}}, {"pk": 2, "model": "south.migrationhistory", "fields": {"applied": "2013-04-15T18:29:43.570Z", "app_name": "directory", "migration": "0002_auto__add_advertbase"}}, {"pk": 3, "model": "south.migrationhistory", "fields": {"applied": "2013-04-15T19:19:14.069Z", "app_name": "directory", "migration": "0003_auto__del_field_advertbase_ad_id"}}, {"pk": 6, "model": "south.migrationhistory", "fields": {"applied": "2014-03-17T22:15:39.637Z", "app_name": "creativework", "migration": "0001_initial"}}, {"pk": 7, "model": "south.migrationhistory", "fields": {"applied": "2014-03-17T22:47:29.768Z", "app_name": "creativework", "migration": "0002_auto__del_url__add_resourceurl"}}, {"pk": 8, "model": "south.migrationhistory", "fields": {"applied": "2014-03-17T22:56:24.315Z", "app_name": "creativework", "migration": "0003_auto__add_field_thing_hackUrl"}}, {"pk": 9, "model": "south.migrationhistory", "fields": {"applied": "2014-03-18T16:11:35.756Z", "app_name": "creativework", "migration": "0004_auto__add_field_genre_meta_keywords__add_field_genre_meta_description"}}, {"pk": 10, "model": "south.migrationhistory", "fields": {"applied": "2014-03-18T21:54:04.271Z", "app_name": "creativework", "migration": "0005_auto__add_review"}}, {"pk": 11, "model": "south.migrationhistory", "fields": {"applied": "2014-03-18T21:56:19.230Z", "app_name": "creativework", "migration": "0006_auto__add_field_review_rating"}}, {"pk": 12, "model": "south.migrationhistory", "fields": {"applied": "2014-03-19T09:55:05.002Z", "app_name": "creativework", "migration": "0007_auto__add_parentgenre"}}, {"pk": 13, "model": "south.migrationhistory", "fields": {"applied": "2014-03-19T10:23:28.097Z", "app_name": "creativework", "migration": "0008_auto__add_field_series_likes"}}, {"pk": 14, "model": "south.migrationhistory", "fields": {"applied": "2014-03-19T11:53:18.810Z", "app_name": "userprofile", "migration": "0001_initial"}}, {"pk": 15, "model": "south.migrationhistory", "fields": {"applied": "2014-03-20T15:55:41.635Z", "app_name": "creativework", "migration": "0009_auto__add_field_episodebase_audioFileLocation"}}, {"pk": 16, "model": "south.migrationhistory", "fields": {"applied": "2014-04-06T14:18:47.167Z", "app_name": "creativework", "migration": "0010_auto"}}, {"pk": 17, "model": "south.migrationhistory", "fields": {"applied": "2014-04-13T08:12:48.668Z", "app_name": "creativework", "migration": "0011_auto__add_field_series_thumbnail__add_field_series_mainimg"}}, {"pk": 18, "model": "south.migrationhistory", "fields": {"applied": "2014-04-13T08:12:48.779Z", "app_name": "creativework", "migration": "0012_auto__add_field_season_partOfSeries"}}, {"pk": 19, "model": "south.migrationhistory", "fields": {"applied": "2014-04-13T08:12:48.831Z", "app_name": "creativework", "migration": "0013_auto__add_field_episodebase_season"}}, {"pk": 20, "model": "south.migrationhistory", "fields": {"applied": "2014-04-15T06:26:25.505Z", "app_name": "creativework", "migration": "0014_auto__add_field_series_viewcount"}}, {"pk": 21, "model": "south.migrationhistory", "fields": {"applied": "2014-04-16T18:42:38.992Z", "app_name": "socialaccount", "migration": "0001_initial"}}, {"pk": 22, "model": "south.migrationhistory", "fields": {"applied": "2014-04-16T18:42:39.149Z", "app_name": "socialaccount", "migration": "0002_genericmodels"}}, {"pk": 23, "model": "south.migrationhistory", "fields": {"applied": "2014-04-16T18:42:39.193Z", "app_name": "facebook", "migration": "0001_initial"}}, {"pk": 24, "model": "south.migrationhistory", "fields": {"applied": "2014-04-16T18:42:39.260Z", "app_name": "facebook", "migration": "0002_auto__add_facebookaccesstoken__add_unique_facebookaccesstoken_app_acco"}}, {"pk": 25, "model": "south.migrationhistory", "fields": {"applied": "2014-04-16T18:42:39.307Z", "app_name": "facebook", "migration": "0003_tosocialaccount"}}, {"pk": 26, "model": "south.migrationhistory", "fields": {"applied": "2014-04-16T18:42:39.331Z", "app_name": "socialaccount", "migration": "0003_auto__add_unique_socialaccount_uid_provider"}}, {"pk": 27, "model": "south.migrationhistory", "fields": {"applied": "2014-04-16T18:42:39.367Z", "app_name": "socialaccount", "migration": "0004_add_sites"}}, {"pk": 28, "model": "south.migrationhistory", "fields": {"applied": "2014-04-16T18:42:39.394Z", "app_name": "socialaccount", "migration": "0005_set_sites"}}, {"pk": 29, "model": "south.migrationhistory", "fields": {"applied": "2014-04-16T18:42:39.422Z", "app_name": "socialaccount", "migration": "0006_auto__del_field_socialapp_site"}}, {"pk": 30, "model": "south.migrationhistory", "fields": {"applied": "2014-04-16T18:42:39.450Z", "app_name": "socialaccount", "migration": "0007_auto__add_field_socialapp_client_id"}}, {"pk": 31, "model": "south.migrationhistory", "fields": {"applied": "2014-04-16T18:42:39.474Z", "app_name": "socialaccount", "migration": "0008_client_id"}}, {"pk": 32, "model": "south.migrationhistory", "fields": {"applied": "2014-04-16T18:42:39.500Z", "app_name": "socialaccount", "migration": "0009_auto__add_field_socialtoken_expires_at"}}, {"pk": 33, "model": "south.migrationhistory", "fields": {"applied": "2014-04-16T18:42:39.549Z", "app_name": "socialaccount", "migration": "0010_auto__chg_field_socialtoken_token"}}, {"pk": 34, "model": "south.migrationhistory", "fields": {"applied": "2014-04-16T18:42:39.602Z", "app_name": "socialaccount", "migration": "0011_auto__chg_field_socialtoken_token"}}, {"pk": 35, "model": "south.migrationhistory", "fields": {"applied": "2014-04-16T18:42:39.653Z", "app_name": "socialaccount", "migration": "0012_auto__chg_field_socialtoken_token_secret"}}, {"pk": 36, "model": "south.migrationhistory", "fields": {"applied": "2014-04-16T18:42:54.522Z", "app_name": "facebook", "migration": "0004_auto__del_facebookapp__del_facebookaccesstoken__del_unique_facebookacc"}}, {"pk": 37, "model": "south.migrationhistory", "fields": {"applied": "2014-04-16T20:30:14.113Z", "app_name": "facebook", "migration": "0005_initial"}}, {"pk": 1, "model": "socialaccount.socialapp", "fields": {"name": "RadioTrove", "sites": [2, 3], "secret": "409916c3c23666275a8fa7cc04619c1c", "client_id": "1414138985515920", "key": "", "provider": "facebook"}}, {"pk": 2, "model": "creativework.thing", "fields": {"hackUrl": "http", "description": "Crime Fiction", "modified": "2014-04-06T14:19:29.551Z", "name": "Crime Fiction", "created": "2014-03-17T22:20:28.028Z"}}, {"pk": 3, "model": "creativework.thing", "fields": {"hackUrl": "http", "description": "The New Adventures of Sherlock Holmes", "modified": "2014-03-19T19:08:54.311Z", "name": "The New Adventures of Sherlock Holmes", "created": "2014-03-17T22:23:50.323Z"}}, {"pk": 4, "model": "creativework.thing", "fields": {"hackUrl": "http", "description": "The New Adventures of Sherlock Holmes Season 1", "modified": "2014-03-18T17:30:14.511Z", "name": "The New Adventures of Sherlock Holmes Season 1", "created": "2014-03-17T22:25:08.263Z"}}, {"pk": 5, "model": "creativework.thing", "fields": {"hackUrl": "http://tinyurl.com/nqtbf8c", "description": "Test Episode", "modified": "2014-03-18T16:53:48.119Z", "name": "Test Episode", "created": "2014-03-17T22:59:19.244Z"}}, {"pk": 6, "model": "creativework.thing", "fields": {"hackUrl": "kkk", "description": "The Hound of the Baskervilles Part 1", "modified": "2014-03-18T17:43:01.939Z", "name": "The Hound of the Baskervilles Part 1", "created": "2014-03-18T11:00:58.028Z"}}, {"pk": 8, "model": "creativework.thing", "fields": {"hackUrl": "urlhere", "description": "Beyond Our Ken", "modified": "2014-03-19T10:04:49.512Z", "name": "Beyond Our Ken", "created": "2014-03-18T17:11:58.831Z"}}, {"pk": 9, "model": "creativework.thing", "fields": {"hackUrl": "NA", "description": "Drama", "modified": "2014-03-19T10:02:10.651Z", "name": "Drama", "created": "2014-03-19T10:02:10.651Z"}}, {"pk": 10, "model": "creativework.thing", "fields": {"hackUrl": "NA", "description": "Comedy", "modified": "2014-03-19T10:02:35.484Z", "name": "Comedy", "created": "2014-03-19T10:02:35.484Z"}}, {"pk": 11, "model": "creativework.thing", "fields": {"hackUrl": "NA", "description": "Sketch", "modified": "2014-03-19T10:04:46.045Z", "name": "Sketch", "created": "2014-03-19T10:04:46.045Z"}}, {"pk": 12, "model": "creativework.thing", "fields": {"hackUrl": "NA", "description": "Entertainment", "modified": "2014-03-19T10:06:44.392Z", "name": "Entertainment", "created": "2014-03-19T10:06:44.392Z"}}, {"pk": 13, "model": "creativework.thing", "fields": {"hackUrl": "NA", "description": "Factual", "modified": "2014-03-19T10:07:10.591Z", "name": "Factual", "created": "2014-03-19T10:07:10.591Z"}}, {"pk": 14, "model": "creativework.thing", "fields": {"hackUrl": "NA", "description": "Children's", "modified": "2014-03-19T10:07:44.378Z", "name": "Children's", "created": "2014-03-19T10:07:44.378Z"}}, {"pk": 15, "model": "creativework.thing", "fields": {"hackUrl": "NA", "description": "The Further Adventures of Sherlock Holmes", "modified": "2014-04-16T20:48:30.717Z", "name": "The Further Adventures of Sherlock Holmes", "created": "2014-03-19T10:56:38.692Z"}}, {"pk": 16, "model": "creativework.thing", "fields": {"hackUrl": "NA", "description": "The Further Adventures of Sherlock Holmes Season 1", "modified": "2014-03-19T10:58:23.429Z", "name": "The Further Adventures of Sherlock Holmes Season 1", "created": "2014-03-19T10:58:06.718Z"}}, {"pk": 17, "model": "creativework.thing", "fields": {"hackUrl": "NA", "description": "The Madness Of Colonel Warbuton", "modified": "2014-03-20T15:56:21.120Z", "name": "The Madness Of Colonel Warbuton", "created": "2014-03-19T10:59:07.487Z"}}, {"pk": 18, "model": "creativework.thing", "fields": {"hackUrl": "http://www.google.com", "description": "Action", "modified": "2014-04-06T14:20:08.718Z", "name": "Action", "created": "2014-04-06T14:20:08.718Z"}}, {"pk": 19, "model": "creativework.thing", "fields": {"hackUrl": "http://www.google.com", "description": "Classic", "modified": "2014-04-06T14:20:40.216Z", "name": "Classic", "created": "2014-04-06T14:20:40.216Z"}}, {"pk": 20, "model": "creativework.thing", "fields": {"hackUrl": "http://www.google.com", "description": "Psychological", "modified": "2014-04-06T14:21:35.156Z", "name": "Psychological", "created": "2014-04-06T14:21:35.156Z"}}, {"pk": 21, "model": "creativework.thing", "fields": {"hackUrl": "http://www.google.com", "description": "Sitcom", "modified": "2014-04-06T14:22:29.211Z", "name": "Sitcom", "created": "2014-04-06T14:22:29.211Z"}}, {"pk": 22, "model": "creativework.thing", "fields": {"hackUrl": "http://www.google.com", "description": "The Memoirs of Sherlock Holmes", "modified": "2014-04-06T14:29:25.465Z", "name": "The Memoirs of Sherlock Holmes", "created": "2014-04-06T14:29:25.465Z"}}, {"pk": 23, "model": "creativework.thing", "fields": {"hackUrl": "http://www.google.com", "description": "The Hound of the Baskervilles", "modified": "2014-04-06T14:29:58.815Z", "name": "The Hound of the Baskervilles", "created": "2014-04-06T14:29:58.815Z"}}, {"pk": 24, "model": "creativework.thing", "fields": {"hackUrl": "http://www.google.com", "description": "His Last Bow", "modified": "2014-04-16T20:48:27.001Z", "name": "His Last Bow", "created": "2014-04-06T14:30:30.835Z"}}, {"pk": 9, "model": "creativework.parentgenre", "fields": {"meta_description": "parent genre for all drama", "meta_keywords": "parent genre for all drama", "is_active": true, "slug": "parentgenre-drama"}}, {"pk": 10, "model": "creativework.parentgenre", "fields": {"meta_description": "parent genre for all comedy", "meta_keywords": "parent genre for all comedy", "is_active": true, "slug": "parentgenre-comedy"}}, {"pk": 12, "model": "creativework.parentgenre", "fields": {"meta_description": "General entertainment", "meta_keywords": "General entertainment", "is_active": true, "slug": "parentgenre-entertainment"}}, {"pk": 13, "model": "creativework.parentgenre", "fields": {"meta_description": "The parent of the factual genre", "meta_keywords": "The parent of the factual genre", "is_active": true, "slug": "parentgenre-factual"}}, {"pk": 14, "model": "creativework.parentgenre", "fields": {"meta_description": "Parent genre for all children-friendly content", "meta_keywords": "Parent genre for all children-friendly content", "is_active": true, "slug": "parentgenre-childrens"}}, {"pk": 2, "model": "creativework.genre", "fields": {"meta_description": "meta", "meta_keywords": "meta", "is_active": true, "slug": "crime-fiction", "partOfParentGenres": [9]}}, {"pk": 11, "model": "creativework.genre", "fields": {"meta_description": "Sketch subgenre, probably for comedy", "meta_keywords": "Sketch subgenre, probably for comedy", "is_active": true, "slug": "genre-sketch", "partOfParentGenres": []}}, {"pk": 18, "model": "creativework.genre", "fields": {"meta_description": "action and adventure radio drama", "meta_keywords": "action and adventure radio drama", "is_active": true, "slug": "action-genre", "partOfParentGenres": [9]}}, {"pk": 19, "model": "creativework.genre", "fields": {"meta_description": "Classic and period radio drama", "meta_keywords": "Classic and period radio drama", "is_active": true, "slug": "classic-genre", "partOfParentGenres": [9]}}, {"pk": 20, "model": "creativework.genre", "fields": {"meta_description": "Psychological drama", "meta_keywords": "Psychological drama", "is_active": true, "slug": "psychological-genre", "partOfParentGenres": [9]}}, {"pk": 21, "model": "creativework.genre", "fields": {"meta_description": "Sitcom comedy", "meta_keywords": "Sitcom comedy", "is_active": true, "slug": "sitcom-genre", "partOfParentGenres": [10]}}, {"pk": 3, "model": "creativework.series", "fields": {"meta_description": "Collection of the classic radio drama", "startDate": "1939-10-02", "meta_keywords": "Sherlock Holmes, radio drama, basil rathbone, nigel bruce", "endDate": "1947-07-07", "numberOfSeasons": 1, "viewcount": 0, "partOfGenres": [2], "is_active": true, "partOfParentGenres": [9], "thumbnail": "", "mainimg": "", "likes": 16, "slug": "new-adventures-sherlock-holmes"}}, {"pk": 8, "model": "creativework.series", "fields": {"meta_description": "Beyond Our Ken radio comedy", "startDate": "2014-03-18", "meta_keywords": "Beyond Our Ken radio comedy", "endDate": "2014-03-18", "numberOfSeasons": 3, "viewcount": 0, "partOfGenres": [11], "is_active": true, "partOfParentGenres": [10], "thumbnail": "", "mainimg": "", "likes": 0, "slug": "beyond-our-ken"}}, {"pk": 15, "model": "creativework.series", "fields": {"meta_description": "A series of radio dramas based on Arthur Conan Doyle's detective Sherlock Holmes. Written by Bert Coules as a pastiche of Conan Doyle's work, the series was broadcast on BBC Radio 4 in 2002, 2004, 2008-9 and 2010.  ", "startDate": "2014-03-19", "meta_keywords": "The Further Adventures of Sherlock Holmes", "endDate": "2014-03-19", "numberOfSeasons": 1, "viewcount": 1, "partOfGenres": [2], "is_active": true, "partOfParentGenres": [9], "thumbnail": "", "mainimg": "", "likes": 7, "slug": "series-further-adventures-sherlock-holmes"}}, {"pk": 22, "model": "creativework.series", "fields": {"meta_description": "The Memoirs of Sherlock Holmes", "startDate": "2014-04-06", "meta_keywords": "The Memoirs of Sherlock Holmes", "endDate": "2014-04-06", "numberOfSeasons": 1, "viewcount": 0, "partOfGenres": [2], "is_active": true, "partOfParentGenres": [9], "thumbnail": "", "mainimg": "", "likes": 0, "slug": "memoirs-sherlock-holmes"}}, {"pk": 23, "model": "creativework.series", "fields": {"meta_description": "The Hound of the Baskervilles", "startDate": "2014-04-06", "meta_keywords": "The Hound of the Baskervilles", "endDate": "2014-04-06", "numberOfSeasons": 1, "viewcount": 0, "partOfGenres": [2], "is_active": true, "partOfParentGenres": [9], "thumbnail": "", "mainimg": "", "likes": 0, "slug": "hound-baskervilles"}}, {"pk": 24, "model": "creativework.series", "fields": {"meta_description": "His Last Bow", "startDate": "2014-04-06", "meta_keywords": "His Last Bow", "endDate": "2014-04-06", "numberOfSeasons": 1, "viewcount": 1, "partOfGenres": [2], "is_active": true, "partOfParentGenres": [9], "thumbnail": "", "mainimg": "", "likes": 0, "slug": "his-last-bow"}}, {"pk": 4, "model": "creativework.season", "fields": {"meta_description": "The New Adventures of Sherlock Holmes", "startDate": "2014-03-17", "meta_keywords": "The New Adventures of Sherlock Holmes", "endDate": "2014-03-17", "is_active": true, "numberOfEpisodes": 6, "seasonNumber": 1, "partOfSeries": 8, "slug": "new-adventures-sherlock-holmes-season-1"}}, {"pk": 16, "model": "creativework.season", "fields": {"meta_description": "The Further Adventures of Sherlock Holmes", "startDate": "2014-03-19", "meta_keywords": "The Further Adventures of Sherlock Holmes", "endDate": "2014-03-19", "is_active": true, "numberOfEpisodes": 2, "seasonNumber": 1, "partOfSeries": 8, "slug": "the-further-adventures-of-sherlock-homes-season-1"}}, {"pk": 5, "model": "creativework.episodebase", "fields": {"meta_description": "test", "meta_keywords": "test", "audioFileLocation": "", "season": 16, "image": "imageurl", "is_active": true, "likes": 0, "slug": "test-episode"}}, {"pk": 6, "model": "creativework.episodebase", "fields": {"meta_description": "The Hound of the Baskervilles Part 1", "meta_keywords": "The Hound of the Baskervilles Part 1", "audioFileLocation": "", "season": 16, "image": "kkk", "is_active": true, "likes": 0, "slug": "the-episode-2"}}, {"pk": 17, "model": "creativework.episodebase", "fields": {"meta_description": "The Madness Of Colonel Warbuton", "meta_keywords": "The Madness Of Colonel Warbuton", "audioFileLocation": "http://otrrlibrary.org/OTRRLib/Library%20Files/S%20Series/Sherlock%20Holmes%20-%2089-04%20-%20Merrison%20&%20Williams/Sherlock%20Holmes%20-%2089-04%20-%20Merrison%20&%20Williams%2002-01-30%20(65)%20Madness%20of%20Colonel%20Warburton.mp3", "season": 16, "image": "NA", "is_active": true, "likes": 0, "slug": "further-adventures-madness-colonel-warbuton"}}, {"pk": 1, "model": "auth.permission", "fields": {"codename": "add_permission", "name": "Can add permission", "content_type": 1}}, {"pk": 2, "model": "auth.permission", "fields": {"codename": "change_permission", "name": "Can change permission", "content_type": 1}}, {"pk": 3, "model": "auth.permission", "fields": {"codename": "delete_permission", "name": "Can delete permission", "content_type": 1}}, {"pk": 4, "model": "auth.permission", "fields": {"codename": "add_group", "name": "Can add group", "content_type": 2}}, {"pk": 5, "model": "auth.permission", "fields": {"codename": "change_group", "name": "Can change group", "content_type": 2}}, {"pk": 6, "model": "auth.permission", "fields": {"codename": "delete_group", "name": "Can delete group", "content_type": 2}}, {"pk": 7, "model": "auth.permission", "fields": {"codename": "add_user", "name": "Can add user", "content_type": 3}}, {"pk": 8, "model": "auth.permission", "fields": {"codename": "change_user", "name": "Can change user", "content_type": 3}}, {"pk": 9, "model": "auth.permission", "fields": {"codename": "delete_user", "name": "Can delete user", "content_type": 3}}, {"pk": 10, "model": "auth.permission", "fields": {"codename": "add_contenttype", "name": "Can add content type", "content_type": 4}}, {"pk": 11, "model": "auth.permission", "fields": {"codename": "change_contenttype", "name": "Can change content type", "content_type": 4}}, {"pk": 12, "model": "auth.permission", "fields": {"codename": "delete_contenttype", "name": "Can delete content type", "content_type": 4}}, {"pk": 13, "model": "auth.permission", "fields": {"codename": "add_session", "name": "Can add session", "content_type": 5}}, {"pk": 14, "model": "auth.permission", "fields": {"codename": "change_session", "name": "Can change session", "content_type": 5}}, {"pk": 15, "model": "auth.permission", "fields": {"codename": "delete_session", "name": "Can delete session", "content_type": 5}}, {"pk": 16, "model": "auth.permission", "fields": {"codename": "add_site", "name": "Can add site", "content_type": 6}}, {"pk": 17, "model": "auth.permission", "fields": {"codename": "change_site", "name": "Can change site", "content_type": 6}}, {"pk": 18, "model": "auth.permission", "fields": {"codename": "delete_site", "name": "Can delete site", "content_type": 6}}, {"pk": 19, "model": "auth.permission", "fields": {"codename": "add_logentry", "name": "Can add log entry", "content_type": 7}}, {"pk": 20, "model": "auth.permission", "fields": {"codename": "change_logentry", "name": "Can change log entry", "content_type": 7}}, {"pk": 21, "model": "auth.permission", "fields": {"codename": "delete_logentry", "name": "Can delete log entry", "content_type": 7}}, {"pk": 22, "model": "auth.permission", "fields": {"codename": "add_migrationhistory", "name": "Can add migration history", "content_type": 8}}, {"pk": 23, "model": "auth.permission", "fields": {"codename": "change_migrationhistory", "name": "Can change migration history", "content_type": 8}}, {"pk": 24, "model": "auth.permission", "fields": {"codename": "delete_migrationhistory", "name": "Can delete migration history", "content_type": 8}}, {"pk": 25, "model": "auth.permission", "fields": {"codename": "add_logaggregate", "name": "Can add log aggregate", "content_type": 9}}, {"pk": 26, "model": "auth.permission", "fields": {"codename": "change_logaggregate", "name": "Can change log aggregate", "content_type": 9}}, {"pk": 27, "model": "auth.permission", "fields": {"codename": "delete_logaggregate", "name": "Can delete log aggregate", "content_type": 9}}, {"pk": 28, "model": "auth.permission", "fields": {"codename": "add_logentry", "name": "Can add log entry", "content_type": 10}}, {"pk": 29, "model": "auth.permission", "fields": {"codename": "change_logentry", "name": "Can change log entry", "content_type": 10}}, {"pk": 30, "model": "auth.permission", "fields": {"codename": "delete_logentry", "name": "Can delete log entry", "content_type": 10}}, {"pk": 31, "model": "auth.permission", "fields": {"codename": "add_category", "name": "Can add category", "content_type": 11}}, {"pk": 32, "model": "auth.permission", "fields": {"codename": "change_category", "name": "Can change category", "content_type": 11}}, {"pk": 33, "model": "auth.permission", "fields": {"codename": "delete_category", "name": "Can delete category", "content_type": 11}}, {"pk": 34, "model": "auth.permission", "fields": {"codename": "add_postaladdress", "name": "Can add postal address", "content_type": 12}}, {"pk": 35, "model": "auth.permission", "fields": {"codename": "change_postaladdress", "name": "Can change postal address", "content_type": 12}}, {"pk": 36, "model": "auth.permission", "fields": {"codename": "delete_postaladdress", "name": "Can delete postal address", "content_type": 12}}, {"pk": 37, "model": "auth.permission", "fields": {"codename": "add_openinghours", "name": "Can add opening hours", "content_type": 13}}, {"pk": 38, "model": "auth.permission", "fields": {"codename": "change_openinghours", "name": "Can change opening hours", "content_type": 13}}, {"pk": 39, "model": "auth.permission", "fields": {"codename": "delete_openinghours", "name": "Can delete opening hours", "content_type": 13}}, {"pk": 40, "model": "auth.permission", "fields": {"codename": "add_specialdays", "name": "Can add special days", "content_type": 14}}, {"pk": 41, "model": "auth.permission", "fields": {"codename": "change_specialdays", "name": "Can change special days", "content_type": 14}}, {"pk": 42, "model": "auth.permission", "fields": {"codename": "delete_specialdays", "name": "Can delete special days", "content_type": 14}}, {"pk": 43, "model": "auth.permission", "fields": {"codename": "add_url", "name": "Can add url", "content_type": 15}}, {"pk": 44, "model": "auth.permission", "fields": {"codename": "change_url", "name": "Can change url", "content_type": 15}}, {"pk": 45, "model": "auth.permission", "fields": {"codename": "delete_url", "name": "Can delete url", "content_type": 15}}, {"pk": 46, "model": "auth.permission", "fields": {"codename": "add_thing", "name": "Can add thing", "content_type": 16}}, {"pk": 47, "model": "auth.permission", "fields": {"codename": "change_thing", "name": "Can change thing", "content_type": 16}}, {"pk": 48, "model": "auth.permission", "fields": {"codename": "delete_thing", "name": "Can delete thing", "content_type": 16}}, {"pk": 49, "model": "auth.permission", "fields": {"codename": "add_localbusiness", "name": "Can add local business", "content_type": 17}}, {"pk": 50, "model": "auth.permission", "fields": {"codename": "change_localbusiness", "name": "Can change local business", "content_type": 17}}, {"pk": 51, "model": "auth.permission", "fields": {"codename": "delete_localbusiness", "name": "Can delete local business", "content_type": 17}}, {"pk": 52, "model": "auth.permission", "fields": {"codename": "add_advertbase", "name": "Can add advert base", "content_type": 18}}, {"pk": 53, "model": "auth.permission", "fields": {"codename": "change_advertbase", "name": "Can change advert base", "content_type": 18}}, {"pk": 54, "model": "auth.permission", "fields": {"codename": "delete_advertbase", "name": "Can delete advert base", "content_type": 18}}, {"pk": 58, "model": "auth.permission", "fields": {"codename": "add_thing", "name": "Can add thing", "content_type": 20}}, {"pk": 59, "model": "auth.permission", "fields": {"codename": "change_thing", "name": "Can change thing", "content_type": 20}}, {"pk": 60, "model": "auth.permission", "fields": {"codename": "delete_thing", "name": "Can delete thing", "content_type": 20}}, {"pk": 61, "model": "auth.permission", "fields": {"codename": "add_series", "name": "Can add series", "content_type": 21}}, {"pk": 62, "model": "auth.permission", "fields": {"codename": "change_series", "name": "Can change series", "content_type": 21}}, {"pk": 63, "model": "auth.permission", "fields": {"codename": "delete_series", "name": "Can delete series", "content_type": 21}}, {"pk": 64, "model": "auth.permission", "fields": {"codename": "add_season", "name": "Can add season", "content_type": 22}}, {"pk": 65, "model": "auth.permission", "fields": {"codename": "change_season", "name": "Can change season", "content_type": 22}}, {"pk": 66, "model": "auth.permission", "fields": {"codename": "delete_season", "name": "Can delete season", "content_type": 22}}, {"pk": 67, "model": "auth.permission", "fields": {"codename": "add_episodebase", "name": "Can add episode base", "content_type": 23}}, {"pk": 68, "model": "auth.permission", "fields": {"codename": "change_episodebase", "name": "Can change episode base", "content_type": 23}}, {"pk": 69, "model": "auth.permission", "fields": {"codename": "delete_episodebase", "name": "Can delete episode base", "content_type": 23}}, {"pk": 70, "model": "auth.permission", "fields": {"codename": "add_genre", "name": "Can add genre", "content_type": 24}}, {"pk": 71, "model": "auth.permission", "fields": {"codename": "change_genre", "name": "Can change genre", "content_type": 24}}, {"pk": 72, "model": "auth.permission", "fields": {"codename": "delete_genre", "name": "Can delete genre", "content_type": 24}}, {"pk": 73, "model": "auth.permission", "fields": {"codename": "add_resourceurl", "name": "Can add resource url", "content_type": 25}}, {"pk": 74, "model": "auth.permission", "fields": {"codename": "change_resourceurl", "name": "Can change resource url", "content_type": 25}}, {"pk": 75, "model": "auth.permission", "fields": {"codename": "delete_resourceurl", "name": "Can delete resource url", "content_type": 25}}, {"pk": 76, "model": "auth.permission", "fields": {"codename": "add_review", "name": "Can add review", "content_type": 26}}, {"pk": 77, "model": "auth.permission", "fields": {"codename": "change_review", "name": "Can change review", "content_type": 26}}, {"pk": 78, "model": "auth.permission", "fields": {"codename": "delete_review", "name": "Can delete review", "content_type": 26}}, {"pk": 79, "model": "auth.permission", "fields": {"codename": "add_parentgenre", "name": "Can add parent genre", "content_type": 27}}, {"pk": 80, "model": "auth.permission", "fields": {"codename": "change_parentgenre", "name": "Can change parent genre", "content_type": 27}}, {"pk": 81, "model": "auth.permission", "fields": {"codename": "delete_parentgenre", "name": "Can delete parent genre", "content_type": 27}}, {"pk": 82, "model": "auth.permission", "fields": {"codename": "add_userprofile", "name": "Can add user profile", "content_type": 28}}, {"pk": 83, "model": "auth.permission", "fields": {"codename": "change_userprofile", "name": "Can change user profile", "content_type": 28}}, {"pk": 84, "model": "auth.permission", "fields": {"codename": "delete_userprofile", "name": "Can delete user profile", "content_type": 28}}, {"pk": 85, "model": "auth.permission", "fields": {"codename": "add_socialapp", "name": "Can add social app", "content_type": 29}}, {"pk": 86, "model": "auth.permission", "fields": {"codename": "change_socialapp", "name": "Can change social app", "content_type": 29}}, {"pk": 87, "model": "auth.permission", "fields": {"codename": "delete_socialapp", "name": "Can delete social app", "content_type": 29}}, {"pk": 88, "model": "auth.permission", "fields": {"codename": "add_socialaccount", "name": "Can add social account", "content_type": 30}}, {"pk": 89, "model": "auth.permission", "fields": {"codename": "change_socialaccount", "name": "Can change social account", "content_type": 30}}, {"pk": 90, "model": "auth.permission", "fields": {"codename": "delete_socialaccount", "name": "Can delete social account", "content_type": 30}}, {"pk": 91, "model": "auth.permission", "fields": {"codename": "add_socialtoken", "name": "Can add social token", "content_type": 31}}, {"pk": 92, "model": "auth.permission", "fields": {"codename": "change_socialtoken", "name": "Can change social token", "content_type": 31}}, {"pk": 93, "model": "auth.permission", "fields": {"codename": "delete_socialtoken", "name": "Can delete social token", "content_type": 31}}, {"pk": 94, "model": "auth.permission", "fields": {"codename": "add_flatpage", "name": "Can add flat page", "content_type": 32}}, {"pk": 95, "model": "auth.permission", "fields": {"codename": "change_flatpage", "name": "Can change flat page", "content_type": 32}}, {"pk": 96, "model": "auth.permission", "fields": {"codename": "delete_flatpage", "name": "Can delete flat page", "content_type": 32}}, {"pk": 97, "model": "auth.permission", "fields": {"codename": "add_emailaddress", "name": "Can add email address", "content_type": 33}}, {"pk": 98, "model": "auth.permission", "fields": {"codename": "change_emailaddress", "name": "Can change email address", "content_type": 33}}, {"pk": 99, "model": "auth.permission", "fields": {"codename": "delete_emailaddress", "name": "Can delete email address", "content_type": 33}}, {"pk": 100, "model": "auth.permission", "fields": {"codename": "add_emailconfirmation", "name": "Can add email confirmation", "content_type": 34}}, {"pk": 101, "model": "auth.permission", "fields": {"codename": "change_emailconfirmation", "name": "Can change email confirmation", "content_type": 34}}, {"pk": 102, "model": "auth.permission", "fields": {"codename": "delete_emailconfirmation", "name": "Can delete email confirmation", "content_type": 34}}, {"pk": 1, "model": "auth.user", "fields": {"username": "Graeme", "first_name": "", "last_name": "", "is_active": true, "is_superuser": true, "is_staff": true, "last_login": "2014-04-16T20:55:09.559Z", "groups": [], "user_permissions": [], "password": "pbkdf2_sha256$12000$2WZERhSRHLOQ$fKSuslIP+BD2WwQ6DcU2hMZEsy3cE/PZ1k9AHpwfahE=", "email": "graemerenfrew@gmail.com", "date_joined": "2013-03-20T20:49:09.124Z"}}, {"pk": 2, "model": "auth.user", "fields": {"username": "newuser1", "first_name": "", "last_name": "", "is_active": true, "is_superuser": false, "is_staff": false, "last_login": "2014-04-05T09:10:47.419Z", "groups": [], "user_permissions": [], "password": "pbkdf2_sha256$10000$sLk31nUKFZ0d$jZxorxhRhQzNScSPAdrxQ8Xgw+dYxXI1uS+1RMAR31U=", "email": "graemerenfrew@gmail.com", "date_joined": "2014-03-18T21:24:06.255Z"}}, {"pk": 3, "model": "auth.user", "fields": {"username": "testuser2", "first_name": "", "last_name": "", "is_active": true, "is_superuser": false, "is_staff": false, "last_login": "2014-04-16T20:48:11.433Z", "groups": [], "user_permissions": [], "password": "pbkdf2_sha256$12000$A0nKnRUKmPJM$5h0aRhBOViPbmuHkWawcy3ME5yv1v1bmbHZcCfLnTIs=", "email": "", "date_joined": "2014-04-16T20:48:11.226Z"}}, {"pk": 4, "model": "auth.user", "fields": {"username": "newuser3", "first_name": "", "last_name": "", "is_active": true, "is_superuser": false, "is_staff": false, "last_login": "2014-04-16T20:57:20.746Z", "groups": [], "user_permissions": [], "password": "pbkdf2_sha256$12000$u6M56NDYqVSY$bkA+S2i3Uegq3owlPEybpCtaRVx3Un1kylidbpbqV/U=", "email": "", "date_joined": "2014-04-16T20:57:20.543Z"}}, {"pk": 1, "model": "admin.logentry", "fields": {"action_flag": 1, "action_time": "2013-04-11T20:54:33.735Z", "object_repr": "First Category", "object_id": "1", "change_message": "", "user": 1, "content_type": 11}}, {"pk": 2, "model": "admin.logentry", "fields": {"action_flag": 1, "action_time": "2013-04-15T19:26:21.685Z", "object_repr": "Dummy Category", "object_id": "2", "change_message": "", "user": 1, "content_type": 11}}, {"pk": 3, "model": "admin.logentry", "fields": {"action_flag": 1, "action_time": "2013-04-15T19:28:00.789Z", "object_repr": "AdvertBase object", "object_id": "1", "change_message": "", "user": 1, "content_type": 18}}, {"pk": 4, "model": "admin.logentry", "fields": {"action_flag": 2, "action_time": "2013-04-20T19:37:08.139Z", "object_repr": "AdvertBase object", "object_id": "1", "change_message": "Changed image.", "user": 1, "content_type": 18}}, {"pk": 5, "model": "admin.logentry", "fields": {"action_flag": 1, "action_time": "2014-03-17T22:20:14.010Z", "object_repr": "Drama", "object_id": "1", "change_message": "", "user": 1, "content_type": 24}}, {"pk": 6, "model": "admin.logentry", "fields": {"action_flag": 1, "action_time": "2014-03-17T22:20:28.049Z", "object_repr": "Crime Fiction", "object_id": "2", "change_message": "", "user": 1, "content_type": 24}}, {"pk": 7, "model": "admin.logentry", "fields": {"action_flag": 1, "action_time": "2014-03-17T22:23:50.401Z", "object_repr": "The New Adventures of Sherlock Holmes", "object_id": "3", "change_message": "", "user": 1, "content_type": 21}}, {"pk": 8, "model": "admin.logentry", "fields": {"action_flag": 1, "action_time": "2014-03-17T22:25:08.312Z", "object_repr": "Series 1", "object_id": "4", "change_message": "", "user": 1, "content_type": 22}}, {"pk": 9, "model": "admin.logentry", "fields": {"action_flag": 2, "action_time": "2014-03-17T22:26:47.869Z", "object_repr": "Series 1", "object_id": "4", "change_message": "Changed slug.", "user": 1, "content_type": 22}}, {"pk": 10, "model": "admin.logentry", "fields": {"action_flag": 2, "action_time": "2014-03-17T22:27:26.840Z", "object_repr": "The New Adventures of Sherlock Holmes Series 1", "object_id": "4", "change_message": "Changed description and name.", "user": 1, "content_type": 22}}, {"pk": 11, "model": "admin.logentry", "fields": {"action_flag": 1, "action_time": "2014-03-17T22:59:19.356Z", "object_repr": "Test Episode", "object_id": "5", "change_message": "", "user": 1, "content_type": 23}}, {"pk": 12, "model": "admin.logentry", "fields": {"action_flag": 1, "action_time": "2014-03-18T11:00:58.391Z", "object_repr": "Test Episode 2", "object_id": "6", "change_message": "", "user": 1, "content_type": 23}}, {"pk": 13, "model": "admin.logentry", "fields": {"action_flag": 2, "action_time": "2014-03-18T12:15:44.768Z", "object_repr": "Crime Fiction", "object_id": "2", "change_message": "Changed description.", "user": 1, "content_type": 24}}, {"pk": 14, "model": "admin.logentry", "fields": {"action_flag": 2, "action_time": "2014-03-18T16:53:28.989Z", "object_repr": "Test Episode 2", "object_id": "6", "change_message": "Changed is_active.", "user": 1, "content_type": 23}}, {"pk": 15, "model": "admin.logentry", "fields": {"action_flag": 2, "action_time": "2014-03-18T16:53:48.243Z", "object_repr": "Test Episode", "object_id": "5", "change_message": "Changed is_active.", "user": 1, "content_type": 23}}, {"pk": 16, "model": "admin.logentry", "fields": {"action_flag": 1, "action_time": "2014-03-18T17:11:40.727Z", "object_repr": "Comedy", "object_id": "7", "change_message": "", "user": 1, "content_type": 24}}, {"pk": 17, "model": "admin.logentry", "fields": {"action_flag": 1, "action_time": "2014-03-18T17:11:59.042Z", "object_repr": "Beyond Our Ken", "object_id": "8", "change_message": "", "user": 1, "content_type": 21}}, {"pk": 18, "model": "admin.logentry", "fields": {"action_flag": 2, "action_time": "2014-03-18T17:30:14.707Z", "object_repr": "The New Adventures of Sherlock Holmes Season 1", "object_id": "4", "change_message": "Changed description, name and slug.", "user": 1, "content_type": 22}}, {"pk": 19, "model": "admin.logentry", "fields": {"action_flag": 2, "action_time": "2014-03-18T17:43:02.159Z", "object_repr": "The Hound of the Baskervilles Part 1", "object_id": "6", "change_message": "Changed description, name, slug, meta_keywords and meta_description.", "user": 1, "content_type": 23}}, {"pk": 20, "model": "admin.logentry", "fields": {"action_flag": 1, "action_time": "2014-03-19T10:02:10.740Z", "object_repr": "Drama", "object_id": "9", "change_message": "", "user": 1, "content_type": 27}}, {"pk": 21, "model": "admin.logentry", "fields": {"action_flag": 1, "action_time": "2014-03-19T10:02:35.505Z", "object_repr": "Comedy", "object_id": "10", "change_message": "", "user": 1, "content_type": 27}}, {"pk": 22, "model": "admin.logentry", "fields": {"action_flag": 3, "action_time": "2014-03-19T10:03:24.936Z", "object_repr": "Comedy", "object_id": "7", "change_message": "", "user": 1, "content_type": 24}}, {"pk": 23, "model": "admin.logentry", "fields": {"action_flag": 3, "action_time": "2014-03-19T10:03:24.946Z", "object_repr": "Drama", "object_id": "1", "change_message": "", "user": 1, "content_type": 24}}, {"pk": 24, "model": "admin.logentry", "fields": {"action_flag": 2, "action_time": "2014-03-19T10:03:57.947Z", "object_repr": "The New Adventures of Sherlock Holmes", "object_id": "3", "change_message": "Changed partOfParentGenres.", "user": 1, "content_type": 21}}, {"pk": 25, "model": "admin.logentry", "fields": {"action_flag": 1, "action_time": "2014-03-19T10:04:46.080Z", "object_repr": "Sketch", "object_id": "11", "change_message": "", "user": 1, "content_type": 24}}, {"pk": 26, "model": "admin.logentry", "fields": {"action_flag": 2, "action_time": "2014-03-19T10:04:49.586Z", "object_repr": "Beyond Our Ken", "object_id": "8", "change_message": "Changed partOfGenres and partOfParentGenres.", "user": 1, "content_type": 21}}, {"pk": 27, "model": "admin.logentry", "fields": {"action_flag": 1, "action_time": "2014-03-19T10:06:44.454Z", "object_repr": "Entertainment", "object_id": "12", "change_message": "", "user": 1, "content_type": 27}}, {"pk": 28, "model": "admin.logentry", "fields": {"action_flag": 1, "action_time": "2014-03-19T10:07:10.620Z", "object_repr": "Factual", "object_id": "13", "change_message": "", "user": 1, "content_type": 27}}, {"pk": 29, "model": "admin.logentry", "fields": {"action_flag": 1, "action_time": "2014-03-19T10:07:44.399Z", "object_repr": "Children's", "object_id": "14", "change_message": "", "user": 1, "content_type": 27}}, {"pk": 30, "model": "admin.logentry", "fields": {"action_flag": 1, "action_time": "2014-03-19T10:56:39.040Z", "object_repr": "The Further Adventures of Sherlock Holmes", "object_id": "15", "change_message": "", "user": 1, "content_type": 21}}, {"pk": 31, "model": "admin.logentry", "fields": {"action_flag": 1, "action_time": "2014-03-19T10:58:06.809Z", "object_repr": "Season 1", "object_id": "16", "change_message": "", "user": 1, "content_type": 22}}, {"pk": 32, "model": "admin.logentry", "fields": {"action_flag": 2, "action_time": "2014-03-19T10:58:23.513Z", "object_repr": "The Further Adventures of Sherlock Holmes Season 1", "object_id": "16", "change_message": "Changed description and name.", "user": 1, "content_type": 22}}, {"pk": 33, "model": "admin.logentry", "fields": {"action_flag": 1, "action_time": "2014-03-19T10:59:07.620Z", "object_repr": "The Madness Of Colonel Warbuton", "object_id": "17", "change_message": "", "user": 1, "content_type": 23}}, {"pk": 34, "model": "admin.logentry", "fields": {"action_flag": 2, "action_time": "2014-03-20T15:52:12.393Z", "object_repr": "The Madness Of Colonel Warbuton", "object_id": "17", "change_message": "Changed hackUrl.", "user": 1, "content_type": 23}}, {"pk": 35, "model": "admin.logentry", "fields": {"action_flag": 2, "action_time": "2014-03-20T15:56:21.277Z", "object_repr": "The Madness Of Colonel Warbuton", "object_id": "17", "change_message": "Changed hackUrl and audioFileLocation.", "user": 1, "content_type": 23}}, {"pk": 36, "model": "admin.logentry", "fields": {"action_flag": 2, "action_time": "2014-04-06T14:19:29.626Z", "object_repr": "Crime Fiction", "object_id": "2", "change_message": "Changed description and partOfParentGenres.", "user": 1, "content_type": 24}}, {"pk": 37, "model": "admin.logentry", "fields": {"action_flag": 1, "action_time": "2014-04-06T14:20:08.806Z", "object_repr": "Action", "object_id": "18", "change_message": "", "user": 1, "content_type": 24}}, {"pk": 38, "model": "admin.logentry", "fields": {"action_flag": 1, "action_time": "2014-04-06T14:20:40.292Z", "object_repr": "Classic", "object_id": "19", "change_message": "", "user": 1, "content_type": 24}}, {"pk": 39, "model": "admin.logentry", "fields": {"action_flag": 1, "action_time": "2014-04-06T14:21:35.228Z", "object_repr": "Psychological", "object_id": "20", "change_message": "", "user": 1, "content_type": 24}}, {"pk": 40, "model": "admin.logentry", "fields": {"action_flag": 1, "action_time": "2014-04-06T14:22:29.285Z", "object_repr": "Sitcom", "object_id": "21", "change_message": "", "user": 1, "content_type": 24}}, {"pk": 41, "model": "admin.logentry", "fields": {"action_flag": 1, "action_time": "2014-04-06T14:29:25.589Z", "object_repr": "The Memoirs of Sherlock Holmes", "object_id": "22", "change_message": "", "user": 1, "content_type": 21}}, {"pk": 42, "model": "admin.logentry", "fields": {"action_flag": 1, "action_time": "2014-04-06T14:29:58.938Z", "object_repr": "The Hound of the Baskervilles", "object_id": "23", "change_message": "", "user": 1, "content_type": 21}}, {"pk": 43, "model": "admin.logentry", "fields": {"action_flag": 1, "action_time": "2014-04-06T14:30:30.948Z", "object_repr": "His Last Bow", "object_id": "24", "change_message": "", "user": 1, "content_type": 21}}, {"pk": 44, "model": "admin.logentry", "fields": {"action_flag": 2, "action_time": "2014-04-06T16:43:27.146Z", "object_repr": "The Further Adventures of Sherlock Holmes", "object_id": "15", "change_message": "Changed meta_description.", "user": 1, "content_type": 21}}, {"pk": 45, "model": "admin.logentry", "fields": {"action_flag": 1, "action_time": "2014-04-16T20:25:41.650Z", "object_repr": "RadioTrove", "object_id": "1", "change_message": "", "user": 1, "content_type": 29}}, {"pk": 46, "model": "admin.logentry", "fields": {"action_flag": 1, "action_time": "2014-04-16T20:26:08.877Z", "object_repr": "1", "object_id": "2", "change_message": "", "user": 1, "content_type": 6}}, {"pk": 47, "model": "admin.logentry", "fields": {"action_flag": 2, "action_time": "2014-04-16T20:26:22.832Z", "object_repr": "RadioTrove", "object_id": "1", "change_message": "Changed sites.", "user": 1, "content_type": 29}}, {"pk": 48, "model": "admin.logentry", "fields": {"action_flag": 1, "action_time": "2014-04-16T20:27:26.424Z", "object_repr": "127.0.0.1:8000", "object_id": "3", "change_message": "", "user": 1, "content_type": 6}}, {"pk": 49, "model": "admin.logentry", "fields": {"action_flag": 2, "action_time": "2014-04-16T20:27:40.786Z", "object_repr": "RadioTrove", "object_id": "1", "change_message": "Changed sites.", "user": 1, "content_type": 29}}, {"pk": 50, "model": "admin.logentry", "fields": {"action_flag": 3, "action_time": "2014-04-16T20:37:55.903Z", "object_repr": "example.com", "object_id": "1", "change_message": "", "user": 1, "content_type": 6}}, {"pk": 51, "model": "admin.logentry", "fields": {"action_flag": 2, "action_time": "2014-04-16T20:54:54.505Z", "object_repr": "127.0.0.1:8000", "object_id": "3", "change_message": "Changed name.", "user": 1, "content_type": 6}}, {"pk": 1, "model": "userprofile.userprofile", "fields": {"is_active": true, "user": 1}}, {"pk": 2, "model": "userprofile.userprofile", "fields": {"is_active": true, "user": 2}}, {"pk": 3, "model": "userprofile.userprofile", "fields": {"is_active": true, "user": 3}}, {"pk": 4, "model": "userprofile.userprofile", "fields": {"is_active": true, "user": 4}}]